INSERT INTO jnu_sites (sitename, enabled) VALUES ('DEFAULT', true);
INSERT INTO jnu_projects (id, regdate, usercreate, site) VALUES ('12-tesla', '2016-11-26 10:27:47', 'admin@localhost.com', 'DEFAULT');
INSERT INTO jnu_projects (id, regdate, usercreate, site) VALUES ('12-servicesdemo', '2021-12-20 06:31:05', 'admin@localhost.com', 'DEFAULT');
INSERT INTO jnu_components (id, description, project, css, jshead, jsbody, regdate, regupdate, usercreate, userupdate, title, showtitle, componenttype, jdbc, jsonobject, usecache) VALUES ('12-callurl', null, '12-servicesdemo', null, null, null, '2021-12-20 06:32:35', '2022-02-06 05:32:17', 'admin@localhost.com', 'admin@localhost.com', 'callurl_title', false, 'FORM', null, null, false);
INSERT INTO jnu_events (id, name, component, project, seq, conf, label) VALUES (107, 'callget', '12-callurl', '12-servicesdemo', 1, '{"eventcontenttype":"application/json;charset=UTF-8","eventlanguage":"groovy","eventshowbutton":false,"eventexusing":"ajax","submitdestiny":"","eventmethod":"GET","eventcors":false}', null);
INSERT INTO jnu_events (id, name, component, project, seq, conf, label) VALUES (108, 'callpostparams', '12-callurl', '12-servicesdemo', 2, '{"eventcontenttype":"application/json;charset=UTF-8","eventlanguage":"groovy","eventshowbutton":false,"eventexusing":"ajax","submitdestiny":"","eventmethod":"POST","eventcors":false}', null);
INSERT INTO jnu_events (id, name, component, project, seq, conf, label) VALUES (109, 'callpostraw', '12-callurl', '12-servicesdemo', 2, '{"eventcontenttype":"application/json;charset=UTF-8","eventlanguage":"groovy","eventshowbutton":false,"eventexusing":"ajax","submitdestiny":"","eventmethod":"POST","eventcors":false}', null);
INSERT INTO jnu_eventactions (id, seq, regdate, regupdate, usercreate, userupdate, event, actionclass, actiondata, eventaction, jdbc, enabled, description, actionscript) VALUES (573, 1, '2021-12-20 00:00:00.000000', '2022-01-12 17:15:17.174000', 'admin@localhost.com', 'admin@localhost.com', 107, 'com.fdcapps.jhanu.actions.JnuCallUrl', '{"javaclass":"com.fdcapps.jhanu.actions.obj.JnuCallUrlObj","id":"573","method":"GET","url":"https://localhost:3030/","authtype":"noauth","authusername":"","authpassword":"","timeout":"3000","outputvar":"serviceResponse","headers":"{\"data\":[]}","body":"{\"data\":[]}","rawvariable":"","optradio":"x-www-form-urlencoded","encoding":"UTF-8","contenttype":"application/json","dummyssl":true}', null, null, true, 'Simple call to the mock server using GET Method                    ', null);
INSERT INTO jnu_eventactions (id, seq, regdate, regupdate, usercreate, userupdate, event, actionclass, actiondata, eventaction, jdbc, enabled, description, actionscript) VALUES (576, 1, '2021-12-20 00:00:00.000000', '2021-12-20 08:41:43.925000', 'admin@localhost.com', 'admin@localhost.com', 108, 'com.fdcapps.jhanu.actions.JnuCallUrl', '{"javaclass":"com.fdcapps.jhanu.actions.obj.JnuCallUrlObj","id":"576","method":"POST","url":"https://localhost:3030/testparams","authtype":"noauth","authusername":"","authpassword":"","timeout":"2000","outputvar":"responseOutput","headers":"{\"data\":[]}","body":"{\"data\":[{\"key\":\"param1\",\"value\":\"\\\"test\\\"\"},{\"key\":\"param2\",\"value\":\"\\\"value\\\"\"}]}","rawvariable":"","optradio":"x-www-form-urlencoded","encoding":"UTF-8","contenttype":"application/json","dummyssl":true}', null, null, true, 'Simple call to mock server using POST method                    ', null);
INSERT INTO jnu_eventactions (id, seq, regdate, regupdate, usercreate, userupdate, event, actionclass, actiondata, eventaction, jdbc, enabled, description, actionscript) VALUES (579, 2, '2021-12-20 00:00:00.000000', '2021-12-20 00:00:00.000000', 'admin@localhost.com', 'admin@localhost.com', 109, 'com.fdcapps.jhanu.actions.JnuCallUrl', '{"javaclass":"com.fdcapps.jhanu.actions.obj.JnuCallUrlObj","id":"579","method":"POST","url":"https://localhost:3030/testparams","authtype":"noauth","authusername":"","authpassword":"","timeout":"2000","outputvar":"responseOutput","headers":"{\"data\":[]}","body":"{\"data\":[]}","rawvariable":"rawdata","optradio":"raw","encoding":"UTF-8","contenttype":"application/json","dummyssl":true}', null, null, true, 'Simple call to mock server using POST method                    ', null);
INSERT INTO jnu_eventactions (id, seq, regdate, regupdate, usercreate, userupdate, event, actionclass, actiondata, eventaction, jdbc, enabled, description, actionscript) VALUES (580, 1, '2021-12-20 00:00:00.000000', '2021-12-20 00:00:00.000000', 'admin@localhost.com', 'admin@localhost.com', 109, 'com.fdcapps.jhanu.actions.JnuJsonBody', '{"javaclass":"com.fdcapps.jhanu.actions.obj.JnuJsonBodyObj","varname":"test","code":"{ \"name\": \"John Doe\" }"}', null, null, true, '', null);

INSERT INTO jnu_eventactions (id, seq, regdate, regupdate, usercreate, userupdate, event, actionclass, actiondata, eventaction, jdbc, enabled, description, actionscript) VALUES (581, 1, '2019-01-08 00:00:00.000000', '2019-01-08 00:00:00.000000', 'admin@localhost.com', 'admin@localhost.com', 109, 'com.fdcapps.jhanu.actions.JnuVar', '{"javaclass":"com.fdcapps.jhanu.actions.obj.JnuVarObj","id":"581","varname":"json","varvalue":"param1","type":"REQUEST_PARAMETER_BOOLEAN"}', null, null, true, null, null);
INSERT INTO jnu_eventactions (id, seq, regdate, regupdate, usercreate, userupdate, event, actionclass, actiondata, eventaction, jdbc, enabled, description, actionscript) VALUES (582, 1, '2019-01-08 00:00:00.000000', '2019-01-08 00:00:00.000000', 'admin@localhost.com', 'admin@localhost.com', 109, 'com.fdcapps.jhanu.actions.JnuVar', '{"javaclass":"com.fdcapps.jhanu.actions.obj.JnuVarObj","id":"582","varname":"json","varvalue":"param2","type":"REQUEST_PARAMETER_DATE"}', null, null, true, null, null);
INSERT INTO jnu_eventactions (id, seq, regdate, regupdate, usercreate, userupdate, event, actionclass, actiondata, eventaction, jdbc, enabled, description, actionscript) VALUES (583, 1, '2019-01-08 00:00:00.000000', '2019-01-08 00:00:00.000000', 'admin@localhost.com', 'admin@localhost.com', 109, 'com.fdcapps.jhanu.actions.JnuVar', '{"javaclass":"com.fdcapps.jhanu.actions.obj.JnuVarObj","id":"583","varname":"json","varvalue":"param3","type":"REQUEST_PARAMETER_DOUBLE"}', null, null, true, null, null);
INSERT INTO jnu_eventactions (id, seq, regdate, regupdate, usercreate, userupdate, event, actionclass, actiondata, eventaction, jdbc, enabled, description, actionscript) VALUES (584, 1, '2019-01-08 00:00:00.000000', '2019-01-08 00:00:00.000000', 'admin@localhost.com', 'admin@localhost.com', 109, 'com.fdcapps.jhanu.actions.JnuVar', '{"javaclass":"com.fdcapps.jhanu.actions.obj.JnuVarObj","id":"584","varname":"json","varvalue":"param4","type":"REQUEST_PARAMETER_INTEGER"}', null, null, true, null, null);
INSERT INTO jnu_eventactions (id, seq, regdate, regupdate, usercreate, userupdate, event, actionclass, actiondata, eventaction, jdbc, enabled, description, actionscript) VALUES (585, 1, '2019-01-08 00:00:00.000000', '2019-01-08 00:00:00.000000', 'admin@localhost.com', 'admin@localhost.com', 109, 'com.fdcapps.jhanu.actions.JnuVar', '{"javaclass":"com.fdcapps.jhanu.actions.obj.JnuVarObj","id":"585","varname":"json","varvalue":"param5","type":"REQUEST_PARAMETER_STRING"}', null, null, true, null, null);
INSERT INTO jnu_eventactions (id, seq, regdate, regupdate, usercreate, userupdate, event, actionclass, actiondata, eventaction, jdbc, enabled, description, actionscript) VALUES (586, 1, '2019-01-08 00:00:00.000000', '2019-01-08 00:00:00.000000', 'admin@localhost.com', 'admin@localhost.com', 109, 'com.fdcapps.jhanu.actions.JnuVar', '{"javaclass":"com.fdcapps.jhanu.actions.obj.JnuVarObj","id":"586","varname":"json","varvalue":"new JSONObject()","type":"USERDEF"}', null, null, true, null, null);

INSERT INTO jnu_components (id, description, project, css, jshead, jsbody, regdate, regupdate, usercreate, userupdate, title, showtitle, componenttype, jdbc, jsonobject, usecache) VALUES ('12-jhanu', null, '12-servicesdemo', null, null, null, '2021-12-20 06:32:35', '2022-02-06 05:32:17', 'admin@localhost.com', 'admin@localhost.com', 'callurl_title', false, 'FORM', null, null, false);
INSERT INTO jnu_events (id, name, component, project, seq, conf, label) VALUES (110, 'auth', '12-jhanu', '12-servicesdemo', 1, '{"eventcontenttype":"application/json;charset=UTF-8","eventlanguage":"groovy","eventshowbutton":false,"eventexusing":"ajax","submitdestiny":"","eventmethod":"POST","eventcors":false, "outputs":[{"outputcode":"200","outputvar":"jsonOutput","checked":true,"id":"589"}], "inputs":[{"checked":true,"id":"587","label":"","varname":"username"},{"checked":true,"id":"588","label":"","varname":"password"}]}', null);
INSERT INTO jnu_eventactions (id, seq, regdate, regupdate, usercreate, userupdate, event, actionclass, actiondata, eventaction, jdbc, enabled, description, actionscript) VALUES (587, 1, '2019-01-08 00:00:00.000000', '2019-01-08 00:00:00.000000', 'admin@localhost.com', 'admin@localhost.com', 110, 'com.fdcapps.jhanu.actions.JnuVar', '{"javaclass":"com.fdcapps.jhanu.actions.obj.JnuVarObj","id":"587","varname":"username","varvalue":"username","type":"REQUEST_PARAMETER_STRING"}', null, null, true, null, null);
INSERT INTO jnu_eventactions (id, seq, regdate, regupdate, usercreate, userupdate, event, actionclass, actiondata, eventaction, jdbc, enabled, description, actionscript) VALUES (588, 2, '2019-01-08 00:00:00.000000', '2019-01-08 00:00:00.000000', 'admin@localhost.com', 'admin@localhost.com', 110, 'com.fdcapps.jhanu.actions.JnuVar', '{"javaclass":"com.fdcapps.jhanu.actions.obj.JnuVarObj","id":"588","varname":"password","varvalue":"password","type":"REQUEST_PARAMETER_STRING"}', null, null, true, null, null);
INSERT INTO jnu_eventactions (id, seq, regdate, regupdate, usercreate, userupdate, event, actionclass, actiondata, eventaction, jdbc, enabled, description, actionscript) VALUES (589, 3, '2019-01-08 00:00:00.000000', '2019-01-08 00:00:00.000000', 'admin@localhost.com', 'admin@localhost.com', 110, 'com.fdcapps.jhanu.actions.JnuOutputContent', '{"javaclass":"com.fdcapps.jhanu.actions.obj.JnuOutputContentObj","id":"589","outputvar":"jsonOutput","outputcode":"200"}', null, null, true, null, null);

INSERT INTO jnu_configuration (id, servername, sysadminemail, smtpserver, smtpport, smtptls, smtpuser, smtppassword, debug, filesdir, imgquality, filesize, defaultlang, regupdate, userupdate, jnuversion, lastupdate) VALUES (1, 'localhost', null, null, null, false, null, null, false, '/jhanuFiles', '80', 200, 'en', '2021-04-18 16:35:54.643000', null, 2.96, '2022-06-07 18:46:17');
INSERT INTO jnu_siteconf (site, configuration, prefs) VALUES ('DEFAULT', '{"sitesmtpclientid":"422603186096-gagunkhulupqblv3agjfvlhftp1heush.apps.googleusercontent.com","sitepushkey":"S3gKLigFOl56RcfCgyF5itZXPmAYrbXN","newuserneedconfirmbyurl":false,"sitesmtptls":false,"sitepageafterlogin":"","recoverpasswordsubject":"","sitesmtpuser":"dev@jhanudev.local","sitecaptchasecret":"6LfStGEUAAAAALvtS2RgwBLAHYB63sJ6lXTMLBMI","siteallowdrive":true,"siteallowfollow":false,"sitegooglekeys":"{\"access_token\":\"ya29.a0Adw1xeW_-6xZty2QuAVGCNCd0UeIv6ncPIMJxG8g-lGk9yKKk3d79IkkxY_3pn9R2C0-L8N2ZwxLX-BG51W8Pvp1ZW90XW-RIEi03OIqonksAnzUhhHbHr6q8pZruHIhS-5U-QQugqg3Dxkgww68BJ977FhHUh-_1N6bJw\",\"tokendate\":1583943036223,\"refresh_token\":\"1/us4_NAUHfQABcfq0pGZPCz_PerruYgDqwg7a-0Y9mIIHqCAWEot9GQecQJ17hBze\",\"scope\":\"https://mail.google.com/\",\"token_type\":\"Bearer\",\"expires_in\":3599}","sitesmtpclientscret":"gVq0eoatCuIyJA1QvkEi9vP_","sitedebug":true,"sitepushmsg":false,"sitesmtppassword":"KeX5k2TjcvAidHapOsy3BQ==","sitesmtpserver":"localhost","sitesysadminemail":"felipediazc@fdcapps.com","newusersubject":"","sitepanelpage":"","siteallownotifications":true,"siteerrorpage":"","sitesmtpoauth":false,"sitecaptchakey":"6LfStGEUAAAAAAywPj94hue6tmF2qUPymRn8jLbA","sitepushsecret":"","siteallowregistration":true,"sitesmtpport":"587","siteallowusernetworks":false}', '{"12_repofolder":"/Users/felipediazc/Proyectos/offadvisorbackend-XXXX","mapskey":"AIzaSyCmn1_Ygvfjns8AMTkGcixTeBPYcaBNQmg"}');

INSERT INTO jnu_users (id, email, password, keystr, keydate, lang, role, enabled, name, alias, regdate, regupdate, lastlogin, usercreate, userupdate, externaluid, isconfigured, photo, site, birthdate, city, sex, additionaldata) VALUES (12, 'admin@localhost.com', 'O112V+uYeNGH6I+viA9Sgawu98o+mQ+H08IntMKMUEM=', 'VUkhq4t8Qe5jZbsENLxJtY2JnksHNfHy9qpTGPAVnbZouL62XyneDy+yqu/hXxTi', '2022-06-17 05:48:45.747000', 'es', 'ADMIN', true, 'Admin user Xx', 'admin', '2016-07-04 00:00:00', '2017-02-06 00:00:00', '2022-06-17 05:48:46', null, null, null, true, null, 'DEFAULT', null, null, null, null);
INSERT INTO jnu_users (id, email, password, keystr, keydate, lang, role, enabled, name, alias, regdate, regupdate, lastlogin, usercreate, userupdate, externaluid, isconfigured, photo, site, birthdate, city, sex, additionaldata) VALUES (22, 'felipediazc@mailer.fdcapps.com', 'NT1CrX+tR1F5KEbVhBSN9Q7y+2yhBQE7923waPen5+w=', 'M4JgIYJ/71Skck4o2OZEqQ+lV+cT1Rk2', '2018-04-10 22:17:31.713000', 'es', 'GUEST', true, 'Felipe ACOM', null, '2017-11-22 00:00:00', null, '2018-04-10 22:17:32', null, null, null, false, '1515370057681_4', null, null, null, null, null);


INSERT INTO jnu_keys (keystr, userid, created, lastused, keyexpire, site) VALUES ('fsJvJhmZYL6r6T5n8qETtpl0iyXLPq3mR9D1RBM2RfPQ9Au/h23mdsfrfXFgHSIR', 12, '2022-07-21 08:13:51.646000', '2022-07-21 08:13:51.598000', -1, 'DEFAULT');
INSERT INTO jnu_keys (keystr, userid, created, lastused, keyexpire, site) VALUES ('4rmzT0GIa+c2t8L0L104yUyzpMRr7yFGMAMDq4/JQJUhLS6KiIOsVwZzndw1RYFf', 12, '2022-07-21 08:57:32.327000', '2022-07-21 08:57:32.321000', 10, 'DEFAULT');
INSERT INTO jnu_keys (keystr, userid, created, lastused, keyexpire, site) VALUES ('3ym0Rpm5fp9Ejgon3i8GpZGfRsEc4/y6hXkIxJeFAY3opJWfxA7HZ4tlvdLLEsxC', 1, '2022-07-23 09:30:59.406000', '2022-07-23 09:30:59.400000', -1, 'DEFAULT');
INSERT INTO jnu_keys (keystr, userid, created, lastused, keyexpire, site) VALUES ('3pObgjS051zLFvvPPoPR7724Yt+6zYPIEUN9/DPLy6yENZxFFRkVX92r8rf9Ijat', 12, '2022-07-24 12:25:40.816000', '2022-07-24 12:25:40.810000', -1, 'DEFAULT');

